N,P,K,temperature,humidity,ph,rainfall,label
83.99,42.57,40.52,21.85,62.44,6.76,129.23,Wheat
94.11,43.15,41.1,21.69,55.87,6.6,113.51,Wheat
82.43,44.71,38.2,23.46,57.34,6.66,128.5,Wheat
82.64,43.76,43.07,24.69,55.83,6.59,138.63,Wheat
89.45,47.13,42.41,24.82,60.84,6.74,127.31,Wheat
94.0,48.7,36.99,22.92,61.86,6.34,118.6,Wheat
93.12,43.37,37.59,24.01,60.98,6.41,112.07,Wheat
81.19,41.85,43.55,23.17,62.89,6.79,113.24,Wheat
88.51,47.26,39.98,21.12,59.99,6.31,100.1,Wheat
97.56,47.52,44.36,20.26,58.23,6.78,116.3,Wheat
82.75,45.92,42.36,24.82,58.06,6.6,122.94,Wheat
89.27,48.67,42.01,24.32,58.97,6.57,131.99,Wheat
98.99,47.26,41.35,24.88,57.98,6.44,110.61,Wheat
98.93,41.98,38.11,24.71,58.42,6.5,124.46,Wheat
85.21,41.68,43.51,21.32,57.71,6.53,119.12,Wheat
87.74,47.81,36.44,21.05,55.15,6.7,120.92,Wheat
84.35,44.44,40.44,20.97,58.16,6.6,104.01,Wheat
96.2,48.28,38.5,21.77,56.24,6.45,128.53,Wheat
94.66,42.55,44.92,21.4,55.79,6.69,104.08,Wheat
81.47,46.28,43.16,24.71,64.74,6.74,122.83,Wheat
90.81,47.04,39.53,24.4,58.36,6.66,124.14,Wheat
88.07,41.93,42.46,24.86,56.94,6.68,100.77,Wheat
92.63,40.08,38.76,23.54,55.48,6.72,115.05,Wheat
91.14,46.31,43.13,23.95,62.14,6.54,108.71,Wheat
96.0,49.87,43.61,23.85,56.93,6.51,116.68,Wheat
88.47,47.68,36.21,20.25,58.54,6.55,137.83,Wheat
98.67,49.46,36.09,24.25,62.9,6.64,139.25,Wheat
94.06,49.59,44.03,24.94,61.62,6.73,103.02,Wheat
91.68,46.02,41.59,20.69,57.88,6.37,105.05,Wheat
92.08,46.08,39.52,20.93,58.2,6.58,114.7,Wheat
96.41,42.48,40.03,21.04,63.79,6.39,101.63,Wheat
99.52,42.59,39.4,20.85,58.2,6.4,117.39,Wheat
82.5,49.42,36.04,22.95,59.98,6.58,137.9,Wheat
81.36,41.62,42.18,20.81,55.11,6.59,135.68,Wheat
99.65,47.14,35.43,20.05,59.26,6.35,104.86,Wheat
89.57,46.22,39.49,20.37,58.21,6.63,129.38,Wheat
95.58,49.25,44.74,22.3,58.18,6.66,124.19,Wheat
95.36,49.11,38.74,24.24,61.41,6.76,132.98,Wheat
86.93,43.96,39.55,22.91,61.35,6.48,112.04,Wheat
99.78,45.04,42.64,21.83,55.43,6.42,123.56,Wheat
83.93,42.69,37.58,24.26,63.34,6.39,115.73,Wheat
90.82,46.49,44.64,24.36,63.36,6.76,103.95,Wheat
98.55,41.55,36.56,24.66,62.46,6.52,127.95,Wheat
80.65,46.97,38.64,20.9,56.78,6.68,103.44,Wheat
95.37,47.3,40.9,24.98,56.48,6.36,110.0,Wheat
96.24,49.49,42.63,21.96,59.12,6.51,101.88,Wheat
86.01,46.44,43.13,21.38,57.15,6.44,119.56,Wheat
98.41,46.38,44.21,23.55,57.22,6.68,106.69,Wheat
85.41,43.36,39.82,24.84,56.92,6.64,103.88,Wheat
91.11,40.33,43.82,20.15,62.66,6.57,102.64,Wheat
84.97,47.44,41.08,23.2,64.35,6.41,137.65,Wheat
94.82,45.38,35.28,20.05,55.35,6.37,127.69,Wheat
99.56,43.05,40.93,22.16,55.95,6.44,111.62,Wheat
87.05,41.49,35.86,20.09,64.4,6.69,103.29,Wheat
93.67,40.42,41.97,23.67,55.77,6.75,130.04,Wheat
99.89,46.85,44.81,22.85,55.15,6.76,108.72,Wheat
84.59,43.17,38.58,21.82,58.95,6.79,128.09,Wheat
86.34,42.98,44.28,24.51,55.92,6.54,120.69,Wheat
91.01,48.82,40.51,20.61,61.68,6.61,133.47,Wheat
84.92,40.4,40.89,22.76,56.74,6.49,117.9,Wheat
81.63,44.77,41.74,22.94,59.84,6.57,127.68,Wheat
88.6,43.12,40.27,23.49,59.52,6.38,120.66,Wheat
90.98,40.92,37.73,23.89,63.44,6.58,128.61,Wheat
97.37,48.89,36.64,22.91,61.09,6.78,134.79,Wheat
91.04,48.79,36.75,20.01,55.03,6.31,122.99,Wheat
90.67,46.47,39.21,22.39,55.89,6.73,118.15,Wheat
88.72,46.15,37.87,21.95,61.31,6.44,104.31,Wheat
82.42,40.58,43.96,20.02,59.13,6.42,138.52,Wheat
86.96,40.73,35.73,24.53,57.17,6.5,119.51,Wheat
85.49,46.05,35.63,21.41,61.25,6.79,116.29,Wheat
88.9,46.47,37.0,21.29,63.52,6.76,113.86,Wheat
85.43,42.12,35.62,23.93,56.01,6.68,109.22,Wheat
93.9,49.74,39.6,22.71,64.28,6.32,126.02,Wheat
86.47,46.7,44.23,24.89,63.5,6.51,128.94,Wheat
93.65,41.47,40.86,20.55,55.81,6.68,137.62,Wheat
91.5,49.61,38.68,24.34,63.62,6.48,109.22,Wheat
84.71,49.91,37.0,24.48,60.94,6.37,116.82,Wheat
85.78,47.48,36.18,23.28,60.28,6.71,104.21,Wheat
90.5,44.09,40.95,21.95,60.68,6.37,123.05,Wheat
88.08,42.63,36.74,23.29,59.41,6.48,132.23,Wheat
95.86,42.19,41.04,24.25,60.34,6.35,114.58,Wheat
94.38,48.08,39.68,24.51,61.11,6.52,103.65,Wheat
92.19,41.46,35.25,23.33,56.39,6.61,106.57,Wheat
87.75,42.12,43.05,21.65,62.14,6.76,132.71,Wheat
80.7,49.7,41.44,20.91,62.51,6.43,135.27,Wheat
88.43,42.15,42.56,21.63,61.15,6.37,139.32,Wheat
96.24,48.48,43.65,24.31,58.42,6.78,136.28,Wheat
80.81,45.18,39.71,24.79,61.48,6.72,105.49,Wheat
100.0,49.83,43.34,21.41,64.48,6.3,101.39,Wheat
89.77,43.71,38.09,20.72,58.35,6.59,104.95,Wheat
87.0,40.35,42.8,23.38,57.19,6.74,111.01,Wheat
88.83,44.09,42.27,24.62,63.02,6.52,104.53,Wheat
84.14,47.21,37.89,24.38,56.84,6.62,110.8,Wheat
87.32,45.77,44.75,23.27,55.88,6.62,102.91,Wheat
89.2,41.43,37.05,23.37,56.68,6.57,117.0,Wheat
87.29,45.38,38.79,22.43,57.15,6.6,130.99,Wheat
96.6,42.4,42.84,22.07,62.55,6.7,138.23,Wheat
97.8,42.52,41.01,20.17,56.25,6.44,138.26,Wheat
93.11,48.07,36.42,22.24,57.35,6.33,129.95,Wheat
92.0,45.31,35.49,24.96,60.13,6.38,138.41,Wheat
91.41,47.13,46.34,28.47,69.89,6.22,195.66,Rice
92.17,51.42,50.97,26.1,77.77,6.19,206.05,Rice
100.34,54.03,50.15,27.03,77.95,6.38,206.49,Rice
106.08,53.69,53.16,27.01,74.69,6.38,205.26,Rice
90.31,54.44,50.88,27.62,69.83,6.38,201.67,Rice
105.65,45.82,45.13,27.25,75.56,6.34,201.16,Rice
106.08,50.25,48.97,26.37,70.26,6.39,215.42,Rice
108.15,54.69,51.69,28.02,69.81,6.15,201.89,Rice
96.57,54.39,45.15,27.84,73.26,6.28,210.18,Rice
103.97,53.44,46.08,28.74,75.14,6.28,213.19,Rice
100.81,50.23,52.98,27.05,76.12,6.35,189.11,Rice
105.56,48.86,54.07,27.91,68.6,6.46,186.95,Rice
103.66,45.97,47.96,29.07,69.2,6.46,217.77,Rice
93.32,45.71,49.3,27.0,72.04,6.48,186.97,Rice
101.83,50.94,54.46,27.54,70.52,6.38,208.34,Rice
90.99,54.99,49.33,27.45,70.12,6.1,203.65,Rice
92.57,45.67,50.25,29.29,75.98,6.11,201.04,Rice
90.64,47.01,52.7,29.81,69.7,6.37,201.8,Rice
91.34,49.07,48.05,27.97,68.44,6.21,197.93,Rice
91.37,49.08,49.53,27.11,75.18,6.05,189.4,Rice
104.98,49.07,51.65,28.01,70.29,6.28,199.23,Rice
104.07,48.9,51.53,26.49,77.68,6.02,191.7,Rice
103.76,51.71,52.79,26.9,73.02,6.12,200.71,Rice
91.6,53.55,45.04,27.03,73.16,6.0,199.36,Rice
108.63,51.04,51.8,29.54,69.57,6.43,213.64,Rice
95.18,52.33,53.99,28.39,71.46,6.26,203.95,Rice
100.99,48.11,52.9,28.92,73.69,6.12,215.66,Rice
96.68,48.91,45.94,28.24,77.19,6.35,197.07,Rice
105.46,47.52,50.84,26.75,73.46,6.47,182.44,Rice
103.53,54.05,54.05,27.36,68.16,6.02,199.78,Rice
106.76,47.49,47.96,28.14,69.08,6.14,186.37,Rice
98.26,47.45,53.69,28.96,72.09,6.47,198.95,Rice
104.9,51.35,47.81,27.96,71.32,6.41,219.62,Rice
105.06,47.86,54.03,29.89,70.39,6.37,199.52,Rice
94.29,52.26,48.72,27.17,73.72,6.06,211.09,Rice
96.28,54.68,51.4,29.2,72.69,6.22,190.16,Rice
91.04,50.11,49.76,26.86,75.56,6.01,189.55,Rice
101.67,48.98,45.75,28.38,75.2,6.04,181.9,Rice
101.64,49.56,46.87,28.12,73.52,6.12,195.47,Rice
108.87,52.74,45.17,29.04,77.35,6.25,181.82,Rice
100.87,53.16,50.17,29.78,70.45,6.01,187.44,Rice
93.2,46.08,50.87,29.14,73.38,6.19,193.54,Rice
100.95,46.88,52.46,27.51,75.83,6.31,219.57,Rice
101.28,54.17,48.05,28.13,74.8,6.07,214.14,Rice
90.95,49.64,45.82,27.63,74.18,6.44,204.03,Rice
106.98,53.44,52.98,28.42,70.11,6.01,182.97,Rice
93.18,47.66,52.9,26.95,71.62,6.45,205.65,Rice
103.22,46.0,50.71,26.3,70.94,6.13,200.22,Rice
99.79,53.9,47.18,29.92,72.74,6.25,212.58,Rice
99.42,54.8,45.33,27.16,70.6,6.49,183.85,Rice
105.13,45.24,47.49,28.32,77.75,6.43,202.45,Rice
90.98,54.24,51.92,26.57,76.1,6.07,183.09,Rice
101.28,54.89,53.76,26.27,71.7,6.38,209.64,Rice
100.83,49.4,53.77,29.79,77.11,6.06,187.54,Rice
98.54,48.87,47.66,27.13,73.7,6.11,183.35,Rice
104.27,54.42,51.4,27.06,71.81,6.21,197.68,Rice
107.02,49.21,47.8,28.28,74.57,6.41,199.48,Rice
108.63,47.12,52.01,29.8,76.16,6.05,199.08,Rice
90.71,49.51,50.79,28.46,73.22,6.04,180.86,Rice
105.96,54.8,47.64,29.16,77.56,6.37,186.62,Rice
102.17,49.08,52.62,28.75,68.52,6.17,182.19,Rice
93.3,47.58,48.88,29.35,71.93,6.44,219.45,Rice
100.21,54.48,45.39,27.59,69.39,6.16,184.55,Rice
104.06,48.56,46.16,29.46,68.0,6.02,183.72,Rice
94.46,46.46,48.63,27.65,68.75,6.35,211.27,Rice
99.61,49.21,54.26,29.92,77.79,6.07,212.86,Rice
108.82,51.44,48.5,26.01,77.3,6.06,214.08,Rice
103.01,45.32,51.98,27.07,77.97,6.05,209.09,Rice
104.86,50.94,51.35,26.83,75.95,6.21,217.4,Rice
100.92,50.85,51.26,26.49,73.97,6.08,188.35,Rice
99.11,47.1,46.62,26.24,68.12,6.03,216.83,Rice
107.77,54.43,47.5,26.32,68.98,6.24,216.24,Rice
107.73,53.93,45.91,27.19,70.07,6.16,211.43,Rice
93.24,50.63,54.14,28.6,76.18,6.33,193.17,Rice
102.46,53.24,51.4,28.17,77.17,6.06,209.47,Rice
98.86,46.14,51.97,26.84,73.3,6.19,203.82,Rice
91.48,54.55,47.83,28.99,68.64,6.45,204.57,Rice
104.01,46.85,46.83,27.02,73.27,6.38,212.27,Rice
102.98,47.28,51.46,27.83,70.44,6.09,207.79,Rice
99.76,52.13,47.13,29.51,71.05,6.42,188.37,Rice
98.87,45.64,51.14,27.71,77.86,6.23,209.68,Rice
107.5,49.25,47.53,27.58,69.68,6.36,214.68,Rice
101.79,52.67,45.95,29.73,69.49,6.35,191.59,Rice
96.53,45.68,52.29,28.19,72.61,6.18,206.37,Rice
91.36,52.89,46.25,26.89,69.99,6.14,214.68,Rice
105.14,49.13,53.56,27.86,68.93,6.14,203.5,Rice
104.1,48.28,50.36,29.78,78.0,6.41,202.26,Rice
102.63,52.19,50.95,27.22,70.36,6.11,191.97,Rice
107.42,47.14,48.9,29.22,74.15,6.38,210.25,Rice
93.35,46.66,46.7,29.06,68.06,6.04,185.81,Rice
96.09,54.86,45.04,28.82,76.03,6.14,195.15,Rice
99.68,45.25,52.22,27.63,74.69,6.14,188.7,Rice
104.82,51.38,49.19,28.1,70.57,6.23,211.25,Rice
103.38,53.91,52.89,26.99,68.0,6.06,205.38,Rice
101.43,46.7,49.37,26.54,68.26,6.24,205.39,Rice
100.29,45.45,48.39,29.32,76.35,6.02,216.5,Rice
101.18,54.45,50.0,28.21,69.42,6.24,186.06,Rice
99.21,45.34,52.24,26.61,76.0,6.35,191.7,Rice
106.39,50.32,47.79,26.58,73.32,6.09,214.29,Rice
91.84,52.83,52.26,27.8,73.02,6.1,203.88,Rice
125.36,55.01,61.52,30.73,78.83,6.2,249.62,Sugarcane
118.71,63.94,64.88,31.62,74.65,6.04,245.85,Sugarcane
111.49,64.77,56.52,28.06,77.36,6.06,241.98,Sugarcane
127.66,57.44,64.98,31.23,75.32,6.06,256.38,Sugarcane
112.09,61.04,58.41,31.1,72.02,5.82,258.91,Sugarcane
114.4,59.51,55.49,30.8,79.77,5.96,263.51,Sugarcane
112.3,57.5,55.41,30.59,77.22,6.04,269.89,Sugarcane
113.48,62.5,64.98,31.63,78.9,6.07,247.83,Sugarcane
111.45,60.37,62.25,30.38,78.94,5.89,243.61,Sugarcane
121.34,64.39,61.16,30.35,73.63,6.1,239.69,Sugarcane
124.07,59.87,61.55,31.07,74.07,5.94,248.36,Sugarcane
112.9,62.04,56.24,28.79,72.52,5.99,251.34,Sugarcane
117.46,58.73,56.02,30.92,73.55,6.1,233.91,Sugarcane
124.22,64.58,58.24,29.61,74.12,6.05,248.77,Sugarcane
128.95,64.78,56.54,28.48,77.41,5.92,238.46,Sugarcane
113.01,64.9,64.51,29.07,79.04,6.12,230.52,Sugarcane
117.4,64.62,58.15,28.13,79.94,6.01,259.78,Sugarcane
125.09,61.04,63.4,31.67,71.24,5.83,260.67,Sugarcane
116.27,64.44,63.02,30.65,70.47,6.04,242.04,Sugarcane
125.64,56.96,59.07,29.29,79.76,6.04,263.39,Sugarcane
115.5,58.33,61.16,28.15,77.2,6.05,256.2,Sugarcane
125.85,59.53,60.6,28.95,70.34,5.89,237.38,Sugarcane
121.24,59.83,62.59,29.33,75.98,5.86,253.54,Sugarcane
127.24,64.58,55.09,28.65,77.23,6.04,234.7,Sugarcane
117.82,56.7,62.08,29.88,78.34,5.84,259.48,Sugarcane
124.62,64.89,61.71,31.89,77.88,5.92,235.59,Sugarcane
113.41,59.1,61.01,28.34,73.8,5.91,250.76,Sugarcane
112.39,60.76,60.26,29.08,77.88,6.15,260.13,Sugarcane
117.17,55.56,62.02,31.7,72.58,6.06,267.91,Sugarcane
129.55,62.79,64.5,30.8,77.36,5.81,235.38,Sugarcane
122.44,59.12,59.18,31.76,74.57,6.02,250.4,Sugarcane
121.55,60.74,64.03,31.6,70.07,6.09,233.8,Sugarcane
115.3,56.7,57.2,31.0,72.42,5.88,267.39,Sugarcane
128.19,64.75,64.8,28.82,77.18,5.91,263.51,Sugarcane
111.57,60.13,60.83,31.87,76.4,5.83,243.71,Sugarcane
118.16,58.97,63.63,31.32,79.91,5.99,264.73,Sugarcane
129.47,60.61,57.19,28.76,75.11,6.02,234.69,Sugarcane
116.05,60.24,62.63,30.86,79.42,5.91,230.05,Sugarcane
113.35,64.94,62.68,29.38,77.81,6.19,249.18,Sugarcane
111.93,55.16,64.75,28.58,78.51,6.05,248.75,Sugarcane
121.92,60.3,59.26,30.66,78.67,6.04,269.0,Sugarcane
113.94,57.74,64.91,30.99,78.88,5.9,245.84,Sugarcane
118.55,55.27,60.11,28.72,73.9,5.85,231.34,Sugarcane
113.08,58.36,55.28,28.14,76.89,5.8,257.63,Sugarcane
110.05,61.74,58.39,30.51,79.77,6.13,231.18,Sugarcane
112.16,57.89,57.37,28.96,74.94,5.82,247.89,Sugarcane
119.7,63.47,57.96,30.6,79.36,5.91,250.8,Sugarcane
113.42,56.98,63.48,28.18,70.55,5.82,253.84,Sugarcane
124.63,59.43,57.53,30.33,71.57,5.88,251.56,Sugarcane
114.41,60.24,60.1,29.53,76.86,5.94,244.68,Sugarcane
114.64,62.35,63.13,31.26,77.98,6.12,250.63,Sugarcane
116.57,62.13,58.32,29.7,75.05,6.09,230.48,Sugarcane
125.16,58.03,64.27,28.05,78.67,5.98,230.25,Sugarcane
128.0,63.41,61.98,29.66,73.55,5.84,234.73,Sugarcane
121.18,62.09,55.49,31.94,73.24,6.08,264.79,Sugarcane
122.43,57.57,56.65,29.01,79.21,5.97,244.33,Sugarcane
114.5,62.53,55.59,29.01,79.79,6.07,234.68,Sugarcane
129.75,57.59,60.1,29.32,77.28,6.2,241.45,Sugarcane
118.88,58.89,62.81,30.84,70.0,6.04,243.32,Sugarcane
129.05,58.71,61.23,29.54,71.59,6.2,258.11,Sugarcane
111.74,58.75,61.15,29.17,73.81,5.93,263.05,Sugarcane
120.72,62.56,63.41,31.03,74.82,6.09,264.69,Sugarcane
125.09,62.23,57.99,30.7,72.16,5.89,256.57,Sugarcane
111.36,57.44,58.11,30.46,72.94,6.09,256.39,Sugarcane
115.14,57.73,60.19,30.55,79.7,6.02,242.13,Sugarcane
112.29,56.3,62.94,31.83,76.46,5.99,269.61,Sugarcane
111.07,63.84,60.71,29.29,74.08,6.13,264.03,Sugarcane
112.25,61.36,55.09,28.05,77.83,6.01,231.27,Sugarcane
113.32,60.23,59.75,31.09,70.36,6.15,265.7,Sugarcane
120.48,60.88,60.95,31.81,75.85,5.9,245.46,Sugarcane
116.23,57.65,63.04,30.74,70.95,6.03,250.9,Sugarcane
113.41,64.59,57.7,30.09,72.28,6.17,238.06,Sugarcane
112.55,58.66,60.65,28.26,75.5,5.82,239.63,Sugarcane
124.22,57.27,60.82,30.32,74.97,6.07,259.2,Sugarcane
124.45,62.88,59.59,28.41,77.9,5.92,239.15,Sugarcane
111.79,59.98,62.84,30.14,74.08,5.86,260.62,Sugarcane
120.96,60.14,56.09,28.79,79.36,6.06,236.65,Sugarcane
118.21,61.94,60.96,29.1,79.2,5.97,237.07,Sugarcane
127.66,62.49,63.7,32.0,77.34,5.91,244.6,Sugarcane
112.87,63.7,64.98,28.63,70.85,5.9,240.94,Sugarcane
116.1,61.1,58.84,30.03,75.16,6.13,231.87,Sugarcane
122.29,58.93,56.65,31.7,75.06,5.86,245.03,Sugarcane
115.77,56.97,64.42,28.13,70.15,5.85,245.67,Sugarcane
120.87,59.45,56.5,29.01,71.15,5.97,267.93,Sugarcane
116.98,61.02,61.52,31.53,73.42,6.06,254.07,Sugarcane
114.62,64.99,56.62,28.95,75.76,6.07,258.43,Sugarcane
120.51,63.27,56.41,28.32,78.55,5.95,235.1,Sugarcane
124.38,56.94,61.43,29.2,75.91,6.02,242.22,Sugarcane
110.08,61.15,62.46,31.09,78.81,6.05,254.34,Sugarcane
113.33,62.17,57.92,28.42,72.01,6.19,242.77,Sugarcane
116.26,58.53,59.56,28.31,70.96,6.14,258.49,Sugarcane
128.63,55.46,60.84,28.87,78.63,6.19,253.01,Sugarcane
110.59,58.04,64.83,29.09,77.44,6.15,267.86,Sugarcane
129.48,64.36,58.41,29.58,74.03,5.93,248.12,Sugarcane
128.18,63.28,59.12,30.93,77.85,6.02,237.45,Sugarcane
117.3,64.43,64.65,31.23,76.36,6.06,259.21,Sugarcane
123.88,64.46,61.03,30.58,71.2,5.96,246.69,Sugarcane
126.79,57.49,57.86,29.3,74.78,5.81,231.31,Sugarcane
119.43,61.46,61.02,28.41,79.23,6.02,247.43,Sugarcane
126.24,59.0,63.24,30.88,76.28,5.95,257.51,Sugarcane
84.72,44.51,44.07,36.17,48.19,7.19,98.47,Cotton
82.73,43.83,42.58,33.98,49.91,7.13,106.25,Cotton
89.0,38.78,38.96,33.79,49.04,7.06,94.1,Cotton
84.2,42.22,36.56,34.68,51.82,7.12,93.56,Cotton
88.91,44.77,41.24,35.42,47.07,7.2,108.09,Cotton
87.37,39.38,37.13,33.8,48.08,7.04,100.49,Cotton
82.62,41.46,37.27,33.67,47.29,7.09,100.41,Cotton
86.61,41.07,37.61,35.47,50.62,6.95,107.79,Cotton
83.92,43.47,44.15,34.71,51.03,6.88,94.44,Cotton
88.47,35.46,40.51,33.41,49.04,6.84,101.1,Cotton
87.23,41.6,40.75,33.52,51.5,6.94,92.91,Cotton
85.33,35.12,42.76,33.27,50.98,6.89,94.89,Cotton
84.64,41.12,39.93,34.71,46.35,7.11,100.58,Cotton
85.59,44.0,36.87,34.4,53.74,6.91,93.89,Cotton
87.44,42.71,37.7,35.64,52.21,7.19,97.32,Cotton
80.63,35.85,44.87,33.0,50.62,7.15,96.73,Cotton
89.44,41.51,38.17,33.48,50.99,6.9,107.19,Cotton
88.95,38.45,37.51,33.98,51.95,7.15,95.79,Cotton
82.95,40.25,37.73,33.6,48.43,7.16,91.25,Cotton
88.29,36.92,44.38,33.98,52.5,6.83,107.74,Cotton
81.76,35.31,41.51,34.29,46.23,7.15,103.46,Cotton
87.59,39.54,39.26,35.85,45.97,6.95,95.82,Cotton
89.94,42.98,36.06,34.72,52.77,6.88,90.89,Cotton
85.28,36.17,38.3,34.74,45.46,7.16,90.92,Cotton
86.9,41.01,44.03,36.26,54.6,6.96,93.91,Cotton
80.63,36.89,40.79,35.07,50.74,6.98,102.66,Cotton
84.01,40.36,37.05,33.43,51.47,6.89,109.21,Cotton
86.17,43.88,37.88,33.9,50.33,6.92,103.74,Cotton
86.3,43.41,36.54,33.69,53.06,6.86,101.2,Cotton
81.21,36.7,43.85,36.07,50.0,7.05,109.3,Cotton
89.39,39.87,37.12,36.79,49.49,6.88,96.28,Cotton
89.47,42.27,41.23,33.07,53.01,6.99,93.08,Cotton
88.37,40.4,42.73,35.33,49.36,7.06,97.71,Cotton
86.38,38.75,37.54,33.89,49.36,7.19,94.44,Cotton
84.88,38.93,41.68,33.13,54.21,7.03,93.8,Cotton
81.01,41.17,38.51,35.17,54.83,7.14,96.05,Cotton
81.14,39.97,44.36,35.82,54.7,7.2,98.01,Cotton
82.9,37.3,40.14,35.24,46.82,6.91,104.72,Cotton
83.57,43.65,42.4,33.79,46.5,6.96,93.31,Cotton
87.01,39.13,41.76,36.85,54.76,7.05,96.92,Cotton
81.33,42.48,41.42,36.71,46.64,7.19,99.13,Cotton
83.28,36.87,35.14,33.91,54.02,7.2,109.84,Cotton
86.0,38.99,39.34,34.1,45.65,6.84,103.19,Cotton
85.59,43.62,42.82,33.14,47.87,6.99,102.94,Cotton
83.05,42.52,36.1,36.09,46.62,6.89,92.52,Cotton
84.84,43.75,39.12,34.76,54.87,7.07,104.76,Cotton
88.82,36.53,36.2,35.84,53.36,6.99,98.15,Cotton
82.18,40.92,37.59,34.19,52.79,6.98,103.38,Cotton
80.62,44.06,37.27,33.75,46.6,7.02,99.8,Cotton
88.18,39.97,42.76,34.29,46.11,7.18,101.93,Cotton
87.28,37.75,38.91,36.68,51.63,6.97,93.88,Cotton
89.02,39.95,44.02,36.86,48.76,6.83,102.86,Cotton
88.81,42.97,41.79,34.41,50.61,6.98,95.15,Cotton
84.05,36.28,42.31,33.92,48.38,7.18,92.26,Cotton
89.31,42.3,38.39,36.75,54.05,6.87,96.54,Cotton
80.64,43.82,44.15,34.06,47.61,6.9,102.52,Cotton
85.26,39.47,42.77,34.52,52.43,7.1,100.33,Cotton
87.73,42.57,36.18,33.86,54.61,7.05,106.26,Cotton
83.11,42.83,35.07,34.81,48.65,7.13,102.53,Cotton
85.34,42.6,38.96,35.1,50.76,6.95,109.7,Cotton
80.49,43.47,35.55,34.86,53.67,7.2,99.3,Cotton
87.08,38.39,42.28,35.45,53.28,6.99,97.97,Cotton
82.24,37.59,41.51,36.83,52.57,7.15,109.41,Cotton
80.47,42.04,36.71,34.94,51.03,7.16,97.12,Cotton
80.99,43.66,37.68,34.56,51.6,7.08,106.21,Cotton
82.47,42.63,41.46,33.36,53.45,7.03,99.09,Cotton
80.33,43.3,38.37,35.38,48.28,7.0,102.84,Cotton
89.51,44.29,42.91,33.9,51.95,6.87,109.48,Cotton
82.19,41.9,37.4,33.41,52.65,7.17,99.0,Cotton
83.78,39.38,36.27,35.73,46.47,6.85,101.57,Cotton
85.83,37.06,41.51,35.81,52.92,6.81,97.03,Cotton
86.87,39.6,36.39,33.74,54.33,6.9,96.31,Cotton
82.31,42.85,36.03,34.4,50.67,7.15,90.88,Cotton
89.95,39.24,41.57,36.71,48.12,6.96,93.71,Cotton
86.9,40.95,43.19,33.03,52.94,6.93,109.71,Cotton
81.74,42.21,37.93,33.44,49.95,7.06,96.47,Cotton
86.44,37.68,40.12,35.11,47.37,6.83,92.2,Cotton
84.75,40.71,35.04,35.24,52.59,6.94,109.19,Cotton
89.08,37.94,40.55,34.35,53.52,6.89,103.61,Cotton
83.5,38.63,36.71,34.03,54.8,6.97,109.97,Cotton
80.57,39.51,38.46,34.9,45.36,7.11,98.09,Cotton
85.57,38.0,38.26,35.8,49.62,6.85,104.13,Cotton
88.93,38.51,35.56,35.06,52.19,7.13,107.22,Cotton
87.82,41.48,39.74,34.35,47.7,7.01,90.34,Cotton
89.16,41.25,43.6,34.37,49.21,7.12,107.15,Cotton
80.59,38.74,41.77,35.82,52.55,7.12,107.57,Cotton
87.16,42.92,37.38,36.09,45.36,6.98,99.86,Cotton
87.99,43.82,43.05,34.32,51.58,6.81,91.87,Cotton
84.15,37.6,41.91,36.68,54.77,6.94,92.14,Cotton
82.84,43.22,43.87,34.52,50.96,7.19,94.96,Cotton
88.59,36.76,38.54,33.28,52.19,7.16,104.45,Cotton
87.98,37.58,39.51,36.47,52.32,6.92,99.93,Cotton
87.33,40.8,41.87,33.83,50.72,7.07,93.4,Cotton
87.59,38.31,40.85,33.24,47.48,7.14,90.04,Cotton
89.33,36.48,44.49,34.96,47.66,6.81,98.06,Cotton
84.77,35.25,41.46,36.22,46.16,7.02,90.67,Cotton
84.98,40.93,43.52,36.02,53.48,6.89,93.97,Cotton
81.21,35.85,35.21,33.8,49.27,7.1,101.47,Cotton
86.18,43.48,36.22,36.76,45.55,7.07,97.17,Cotton
80.48,42.81,43.57,34.34,46.58,7.13,96.08,Cotton
95.29,48.77,46.68,27.71,63.43,6.35,145.31,Maize
96.94,48.33,47.57,27.01,65.46,6.51,152.56,Maize
95.32,49.08,43.04,28.61,61.08,6.55,152.24,Maize
94.04,47.27,44.4,27.46,67.64,6.29,152.91,Maize
92.75,47.23,47.09,27.53,62.31,6.29,144.33,Maize
90.53,48.51,46.8,25.23,62.53,6.52,145.35,Maize
98.03,48.98,44.97,27.94,64.85,6.34,150.8,Maize
93.61,49.29,44.06,25.85,68.5,6.34,155.97,Maize
97.48,47.52,45.33,25.4,67.94,6.56,151.37,Maize
92.6,46.01,42.7,26.4,68.62,6.51,146.78,Maize
94.08,47.23,44.29,26.68,63.23,6.28,159.46,Maize
98.42,46.45,46.8,25.09,63.02,6.38,158.27,Maize
97.09,45.41,44.69,25.14,67.54,6.22,146.02,Maize
98.49,45.61,43.81,26.11,66.82,6.41,150.67,Maize
90.57,46.57,46.44,26.23,62.81,6.53,146.07,Maize
90.52,47.05,47.86,28.48,60.34,6.37,146.83,Maize
93.94,48.98,43.83,28.41,69.5,6.2,143.85,Maize
91.54,46.23,47.29,26.49,66.37,6.49,146.94,Maize
90.03,45.09,43.43,26.19,60.23,6.26,144.65,Maize
97.58,47.78,42.21,28.41,64.07,6.32,146.53,Maize
95.51,45.72,43.88,25.75,65.07,6.46,149.43,Maize
94.05,49.0,42.8,25.28,61.98,6.29,145.85,Maize
93.79,47.79,43.83,25.88,68.61,6.23,158.05,Maize
94.73,47.22,47.27,26.49,66.53,6.26,140.23,Maize
97.61,45.51,45.44,26.8,66.63,6.47,155.43,Maize
92.96,48.97,47.17,26.83,66.1,6.52,156.35,Maize
95.52,48.89,43.87,25.22,63.01,6.34,145.92,Maize
92.71,49.63,44.83,27.12,69.43,6.31,149.28,Maize
94.02,45.96,44.89,28.79,61.96,6.45,156.46,Maize
94.05,49.4,42.54,27.35,60.42,6.26,146.73,Maize
91.24,45.62,42.08,28.62,69.73,6.43,158.2,Maize
98.84,46.71,45.83,26.27,68.77,6.43,156.8,Maize
94.77,45.85,45.89,26.79,65.55,6.28,154.59,Maize
96.73,45.93,47.31,26.89,64.13,6.3,145.64,Maize
90.04,45.98,46.7,25.14,67.99,6.45,141.77,Maize
97.4,49.91,46.36,28.72,62.7,6.43,141.81,Maize
94.87,48.65,46.34,28.19,67.04,6.22,149.97,Maize
97.78,47.97,46.59,25.32,68.72,6.35,153.65,Maize
91.58,45.92,46.22,27.62,69.96,6.49,151.38,Maize
90.81,48.06,46.83,26.95,69.13,6.49,157.14,Maize
91.07,48.13,42.32,26.76,69.53,6.4,148.82,Maize
97.94,48.66,46.91,26.09,67.38,6.38,141.52,Maize
93.01,48.49,42.97,25.85,62.61,6.5,144.84,Maize
98.98,45.35,47.19,26.24,69.3,6.37,143.99,Maize
92.57,49.2,46.87,28.96,60.96,6.42,159.77,Maize
94.97,49.44,43.55,26.96,67.72,6.36,144.64,Maize
90.03,45.03,43.23,26.67,69.86,6.32,151.7,Maize
96.17,47.34,45.23,26.73,66.82,6.39,145.98,Maize
99.98,45.12,42.29,27.01,66.33,6.58,153.75,Maize
93.91,47.55,46.75,27.23,69.39,6.26,145.45,Maize
99.08,47.69,45.95,26.34,65.57,6.36,143.14,Maize
98.22,49.61,45.81,25.37,63.82,6.4,154.41,Maize
96.99,46.46,43.68,28.67,61.6,6.37,158.14,Maize
90.37,45.64,46.07,25.73,68.71,6.22,148.21,Maize
91.03,46.9,44.01,25.73,66.18,6.29,140.5,Maize
95.06,46.83,44.89,27.91,63.13,6.33,142.55,Maize
93.0,47.26,42.85,26.19,60.46,6.3,159.68,Maize
95.48,45.34,43.07,28.26,67.37,6.5,156.46,Maize
99.03,45.45,45.74,28.81,66.28,6.43,143.0,Maize
98.1,48.7,45.53,27.62,69.32,6.35,156.54,Maize
91.86,47.53,44.21,28.9,65.5,6.22,153.88,Maize
96.68,47.88,42.13,27.48,61.79,6.21,144.2,Maize
94.24,45.36,46.46,25.71,61.02,6.47,149.37,Maize
97.89,47.27,47.96,25.35,69.38,6.54,156.26,Maize
97.5,45.58,44.37,26.59,65.39,6.32,141.72,Maize
98.46,48.69,43.85,28.51,67.6,6.56,155.54,Maize
95.74,49.88,46.44,28.58,63.52,6.55,154.79,Maize
93.05,47.83,43.16,28.79,66.76,6.46,147.37,Maize
94.25,46.81,47.69,25.4,62.9,6.2,155.63,Maize
97.55,46.78,45.15,25.18,63.84,6.51,143.19,Maize
90.83,49.62,43.24,28.88,64.79,6.42,159.78,Maize
97.18,47.95,42.11,25.68,68.93,6.3,146.04,Maize
99.13,47.54,47.47,28.04,66.86,6.22,156.59,Maize
95.86,46.94,45.11,27.84,61.16,6.48,159.96,Maize
96.72,45.28,42.35,25.24,63.26,6.33,145.82,Maize
95.94,46.06,47.15,25.67,68.75,6.31,141.1,Maize
94.02,45.44,47.13,27.08,64.73,6.55,146.01,Maize
92.86,45.38,42.33,25.12,63.9,6.43,157.9,Maize
95.56,46.49,46.28,27.44,64.66,6.35,155.1,Maize
95.05,46.65,42.99,27.38,63.01,6.27,149.81,Maize
92.57,46.72,45.11,28.09,64.75,6.23,140.47,Maize
90.86,48.39,45.14,26.43,60.0,6.26,156.07,Maize
97.97,47.83,46.85,26.05,61.69,6.45,144.79,Maize
92.37,47.16,43.22,26.85,64.94,6.53,147.41,Maize
96.34,47.26,46.28,26.75,60.53,6.24,150.06,Maize
90.7,45.32,47.37,25.18,62.15,6.5,141.29,Maize
98.32,46.35,47.81,27.9,66.71,6.46,155.73,Maize
90.39,45.79,43.98,26.21,66.26,6.58,150.34,Maize
96.44,49.58,46.74,25.62,66.86,6.49,154.9,Maize
93.55,46.91,45.97,28.57,65.96,6.59,153.05,Maize
93.88,47.88,44.87,26.62,66.62,6.57,150.05,Maize
99.63,49.32,47.19,25.34,62.93,6.22,145.99,Maize
96.69,46.95,45.45,26.4,60.85,6.23,155.07,Maize
93.43,48.19,47.33,26.42,68.11,6.44,145.76,Maize
90.03,48.85,44.24,25.28,64.28,6.44,150.65,Maize
90.81,45.75,43.2,28.16,69.36,6.41,141.79,Maize
93.84,45.11,46.44,26.08,66.09,6.38,149.33,Maize
94.21,49.24,46.78,28.33,63.12,6.25,149.04,Maize
99.94,49.97,42.05,26.27,60.83,6.36,149.1,Maize
95.84,45.91,43.09,28.77,61.6,6.48,142.71,Maize
72.02,39.63,34.41,19.3,54.81,6.78,102.76,Barley
74.54,36.85,33.61,18.64,57.97,6.61,101.34,Barley
72.25,31.92,31.66,19.85,57.17,6.71,107.34,Barley
73.29,36.07,33.1,18.07,59.2,6.7,97.99,Barley
70.68,38.58,39.76,18.14,54.94,6.88,94.11,Barley
73.65,34.44,33.7,16.87,51.79,6.51,103.19,Barley
66.6,36.27,30.73,16.55,54.84,6.59,103.67,Barley
67.75,35.17,34.93,18.12,52.19,6.58,108.96,Barley
66.58,31.1,34.81,16.22,52.53,6.75,90.84,Barley
72.07,37.3,34.34,18.25,58.36,6.78,93.35,Barley
73.72,31.18,33.25,17.98,58.12,6.73,100.1,Barley
69.4,33.94,36.27,16.07,56.92,6.61,102.62,Barley
66.01,39.53,36.93,16.21,54.48,6.83,108.24,Barley
72.1,31.66,39.82,16.85,54.37,6.85,109.17,Barley
70.62,30.95,38.69,18.39,57.76,6.85,103.76,Barley
67.75,37.04,37.44,17.84,54.93,6.89,106.74,Barley
66.92,30.92,39.6,19.47,57.59,6.83,101.87,Barley
71.17,38.33,34.4,17.57,56.51,6.64,107.5,Barley
69.65,38.62,33.04,19.23,56.19,6.6,105.08,Barley
74.97,31.2,32.88,18.56,54.36,6.66,99.33,Barley
70.77,30.34,36.99,17.24,56.75,6.67,100.79,Barley
73.61,37.19,39.3,18.49,51.47,6.71,92.43,Barley
72.59,33.73,38.35,18.21,50.42,6.79,103.16,Barley
68.68,33.41,32.78,19.22,53.59,6.82,95.85,Barley
68.51,32.48,30.9,19.39,53.21,6.55,103.78,Barley
74.48,32.0,36.82,18.2,50.74,6.85,91.37,Barley
74.28,36.07,35.67,17.49,58.19,6.79,101.84,Barley
66.48,36.04,31.69,16.31,55.61,6.61,109.31,Barley
68.22,35.39,35.82,19.79,59.03,6.7,108.08,Barley
68.02,34.49,36.73,17.07,56.03,6.66,98.9,Barley
74.72,33.14,37.4,17.96,58.53,6.86,95.6,Barley
68.02,30.91,36.98,16.76,58.79,6.7,105.72,Barley
66.95,36.34,34.53,19.72,59.19,6.84,90.64,Barley
70.23,30.85,35.65,19.96,55.64,6.58,94.53,Barley
71.81,34.27,30.4,16.37,52.08,6.62,106.62,Barley
65.89,32.63,37.48,18.69,51.72,6.62,95.36,Barley
71.65,33.81,37.6,16.63,59.2,6.71,105.5,Barley
71.36,33.36,36.59,16.09,55.94,6.68,104.52,Barley
70.92,37.16,31.28,19.93,57.87,6.58,101.99,Barley
73.4,39.1,31.04,18.74,51.24,6.66,98.47,Barley
70.21,35.34,32.77,16.07,56.54,6.55,97.56,Barley
65.22,31.85,39.85,17.97,55.03,6.6,98.4,Barley
65.91,32.15,32.04,16.61,56.04,6.81,109.66,Barley
71.52,36.68,37.71,16.77,54.59,6.83,107.13,Barley
73.48,36.19,37.84,19.91,50.98,6.87,94.58,Barley
72.18,30.96,39.99,17.31,50.13,6.83,106.0,Barley
69.39,37.25,37.54,18.62,57.61,6.82,100.5,Barley
65.25,32.71,38.46,19.31,57.93,6.6,99.69,Barley
67.25,36.98,31.79,18.51,54.31,6.73,92.03,Barley
72.56,35.52,35.21,19.13,58.29,6.87,103.75,Barley
71.49,37.88,34.27,19.68,58.39,6.89,101.9,Barley
74.64,36.87,34.99,19.7,57.02,6.7,90.69,Barley
67.49,35.36,36.39,19.68,55.28,6.64,95.84,Barley
67.57,36.63,33.67,16.58,56.31,6.57,98.37,Barley
70.19,35.78,31.02,18.63,58.25,6.69,102.24,Barley
66.56,39.1,33.6,18.34,53.91,6.53,95.06,Barley
74.21,38.84,38.6,16.07,50.02,6.78,109.92,Barley
72.26,33.77,30.36,18.51,59.64,6.63,94.18,Barley
68.72,37.05,32.53,19.85,52.02,6.79,96.79,Barley
72.37,34.82,32.83,18.56,51.56,6.54,93.33,Barley
65.27,30.91,34.81,19.9,59.44,6.78,94.2,Barley
70.77,35.37,30.1,18.89,56.75,6.67,98.57,Barley
66.69,39.46,34.06,19.08,52.29,6.56,92.53,Barley
70.62,34.02,39.65,17.82,55.64,6.52,96.77,Barley
66.07,32.23,37.04,18.11,53.43,6.73,103.31,Barley
68.77,37.16,33.37,18.11,52.84,6.56,93.79,Barley
66.04,36.39,37.9,18.36,51.75,6.54,92.74,Barley
69.92,39.24,32.3,18.78,56.69,6.58,103.07,Barley
74.47,32.07,37.52,19.25,51.96,6.58,95.12,Barley
67.35,31.93,38.84,18.42,51.4,6.79,94.74,Barley
69.51,31.82,36.52,16.23,51.05,6.84,97.35,Barley
70.87,37.66,36.3,18.88,52.36,6.59,107.21,Barley
67.22,37.0,35.18,18.08,50.82,6.76,109.87,Barley
72.3,31.33,30.76,16.46,56.25,6.89,93.11,Barley
67.37,35.23,38.01,16.08,52.96,6.71,91.83,Barley
67.4,34.49,38.15,19.44,55.02,6.5,103.64,Barley
67.77,37.33,35.68,17.22,52.27,6.89,107.96,Barley
66.15,34.7,35.81,19.87,58.25,6.69,90.32,Barley
71.82,35.86,38.84,19.67,54.17,6.89,103.04,Barley
71.32,34.04,38.82,18.7,50.29,6.79,100.96,Barley
68.68,33.21,39.61,18.83,53.28,6.63,92.02,Barley
72.57,37.89,36.08,18.91,59.41,6.54,108.43,Barley
72.98,37.51,37.58,16.22,56.57,6.8,92.87,Barley
67.4,32.68,38.06,19.84,52.65,6.64,101.25,Barley
69.74,39.18,38.01,16.04,56.29,6.75,109.41,Barley
73.22,37.34,33.85,19.88,52.14,6.84,103.13,Barley
65.96,34.97,33.36,19.0,50.01,6.61,107.14,Barley
73.16,32.18,34.65,19.1,54.34,6.58,105.93,Barley
71.61,36.09,39.42,18.62,56.33,6.66,98.5,Barley
74.6,34.5,30.95,16.94,51.56,6.65,107.69,Barley
68.27,35.02,34.99,19.51,54.75,6.74,96.17,Barley
69.78,31.84,36.17,16.21,55.13,6.86,90.11,Barley
65.61,35.04,34.31,18.38,50.69,6.66,94.16,Barley
68.7,30.27,32.69,17.25,56.75,6.73,93.51,Barley
68.26,30.85,31.39,17.96,51.47,6.67,96.5,Barley
72.15,39.46,30.57,19.43,56.19,6.68,104.17,Barley
68.83,34.35,39.38,18.86,58.38,6.78,105.93,Barley
69.71,35.64,32.91,18.53,54.94,6.8,91.99,Barley
69.36,32.1,30.16,17.03,57.57,6.8,94.29,Barley
67.57,38.18,36.08,19.2,50.82,6.6,91.83,Barley
67.63,32.25,34.43,31.9,35.23,6.51,74.03,Millet
65.1,30.26,30.11,30.28,36.09,6.52,75.72,Millet
61.75,30.22,33.85,31.24,35.36,6.63,85.16,Millet
62.62,30.98,31.6,28.99,35.87,6.68,89.26,Millet
69.83,33.14,29.17,28.26,36.06,6.89,84.69,Millet
60.3,32.59,30.63,31.09,35.87,6.56,74.0,Millet
62.54,33.12,28.33,28.17,39.24,6.81,77.3,Millet
68.16,31.24,34.81,31.16,41.38,6.62,72.94,Millet
61.84,32.35,30.81,31.68,40.91,6.86,81.63,Millet
64.69,32.06,32.41,29.58,42.8,6.66,87.91,Millet
68.89,31.58,32.39,31.74,39.44,6.55,74.95,Millet
62.63,29.32,32.14,29.04,42.42,6.53,74.46,Millet
68.5,32.22,28.53,30.49,36.84,6.82,87.08,Millet
60.61,30.98,29.0,30.63,41.15,6.82,71.57,Millet
63.03,29.1,28.93,31.85,39.67,6.56,76.33,Millet
62.61,33.41,31.39,29.61,41.76,6.52,85.54,Millet
67.04,29.67,32.33,30.03,43.08,6.68,74.57,Millet
68.91,32.96,31.62,31.5,43.01,6.62,85.51,Millet
68.73,29.14,34.81,28.1,38.76,6.8,83.15,Millet
64.32,34.08,31.73,28.42,37.15,6.67,70.43,Millet
64.93,28.06,28.27,31.69,35.82,6.54,88.01,Millet
61.4,31.69,29.69,29.85,41.46,6.85,86.58,Millet
62.9,29.97,30.2,31.69,42.98,6.81,73.81,Millet
69.73,29.95,29.34,30.37,42.57,6.83,89.51,Millet
69.62,29.38,28.08,29.81,35.19,6.68,76.77,Millet
61.66,33.37,31.83,31.12,43.46,6.74,70.68,Millet
68.43,29.43,34.07,30.75,36.23,6.73,77.53,Millet
63.47,34.43,32.4,30.68,43.36,6.69,86.64,Millet
63.74,30.94,30.11,28.57,40.28,6.56,88.41,Millet
69.6,31.41,34.67,30.12,39.39,6.75,76.72,Millet
66.79,31.01,33.35,29.41,42.0,6.62,87.56,Millet
65.56,29.97,30.11,31.45,40.65,6.83,74.06,Millet
69.43,30.74,33.47,28.76,39.71,6.69,83.19,Millet
66.94,28.58,33.6,29.06,36.62,6.63,77.36,Millet
68.86,32.04,31.61,31.32,39.29,6.61,83.79,Millet
66.12,29.64,33.75,30.43,43.91,6.76,80.18,Millet
61.51,29.01,34.4,28.96,43.16,6.65,76.12,Millet
69.41,29.59,32.65,30.09,37.01,6.74,79.49,Millet
60.19,34.62,34.01,29.73,42.93,6.55,70.76,Millet
67.76,31.11,31.8,31.32,38.92,6.83,86.08,Millet
64.88,33.63,31.47,28.95,38.9,6.83,81.16,Millet
65.65,32.54,34.4,31.07,39.04,6.86,78.81,Millet
60.3,28.97,29.8,28.0,43.61,6.67,72.85,Millet
62.72,28.74,29.83,28.14,44.12,6.54,88.86,Millet
65.41,34.87,29.4,31.87,37.77,6.61,85.65,Millet
69.73,32.04,31.53,31.95,36.1,6.56,77.12,Millet
63.22,30.63,30.44,31.51,36.2,6.7,89.2,Millet
65.96,28.4,32.67,31.95,36.8,6.88,84.83,Millet
61.3,30.09,29.23,30.88,36.63,6.89,71.83,Millet
67.05,32.26,34.0,29.89,39.56,6.51,81.87,Millet
66.52,30.79,28.84,29.22,44.49,6.75,80.15,Millet
69.45,32.38,32.15,31.54,44.82,6.68,87.65,Millet
68.99,29.14,34.07,31.08,35.33,6.57,71.4,Millet
67.67,34.94,32.41,29.33,44.16,6.61,79.6,Millet
67.64,29.52,29.39,30.26,40.38,6.67,72.89,Millet
65.49,29.45,33.26,28.55,36.79,6.71,84.16,Millet
68.2,29.53,33.39,30.28,38.52,6.67,82.43,Millet
62.53,31.04,30.39,30.77,41.94,6.54,83.83,Millet
65.69,32.13,34.73,31.33,41.73,6.75,80.81,Millet
61.7,29.83,29.58,31.74,36.26,6.64,79.36,Millet
61.34,33.68,29.8,31.05,35.19,6.69,73.31,Millet
66.63,29.49,28.26,29.61,38.6,6.68,70.14,Millet
66.02,29.36,30.43,30.98,41.83,6.81,82.83,Millet
65.71,34.53,31.55,28.76,38.26,6.75,79.87,Millet
69.42,33.38,30.62,28.48,38.64,6.89,86.01,Millet
67.74,28.55,34.96,29.56,39.92,6.76,70.7,Millet
61.19,32.34,30.65,29.19,42.24,6.52,75.57,Millet
67.35,34.81,32.14,30.52,44.16,6.88,82.34,Millet
60.99,29.44,28.67,28.0,37.64,6.86,72.71,Millet
62.49,32.48,29.99,28.05,41.48,6.69,71.67,Millet
67.62,30.33,29.3,31.18,38.37,6.64,80.12,Millet
67.67,33.35,33.44,31.14,40.11,6.81,71.43,Millet
66.24,29.33,30.94,28.82,38.51,6.75,72.36,Millet
62.26,31.34,32.11,31.01,42.34,6.88,85.17,Millet
66.68,33.07,30.62,29.72,39.76,6.58,73.47,Millet
65.74,28.69,33.7,28.0,43.84,6.84,76.4,Millet
66.25,31.78,33.75,31.87,44.36,6.58,78.65,Millet
62.23,34.12,33.49,29.87,39.91,6.61,81.2,Millet
62.6,31.2,31.01,28.79,41.85,6.68,78.2,Millet
68.26,28.98,30.92,31.4,35.02,6.53,72.54,Millet
68.22,31.2,31.88,31.93,43.75,6.71,70.35,Millet
68.48,32.46,32.23,28.98,36.08,6.73,82.3,Millet
66.71,28.01,30.69,28.54,38.3,6.69,75.52,Millet
60.89,32.8,31.16,29.25,37.93,6.64,72.11,Millet
68.8,33.84,29.04,28.92,36.06,6.57,84.73,Millet
66.71,28.57,32.34,28.69,41.16,6.82,70.48,Millet
68.25,34.41,33.42,29.29,35.37,6.74,87.3,Millet
64.5,30.49,34.82,28.24,44.72,6.61,87.02,Millet
63.46,32.95,34.95,30.78,41.19,6.75,88.64,Millet
65.41,29.11,31.74,31.93,40.11,6.83,81.92,Millet
67.16,34.4,30.56,31.6,41.05,6.62,87.78,Millet
69.69,30.76,30.8,29.45,36.24,6.53,70.6,Millet
68.58,30.57,30.53,28.54,36.55,6.78,82.49,Millet
62.56,28.46,30.35,31.6,40.62,6.67,89.29,Millet
67.93,32.66,32.27,29.99,41.55,6.64,72.2,Millet
62.74,28.87,28.63,28.41,41.06,6.75,74.08,Millet
63.36,34.57,34.11,30.92,44.55,6.75,87.78,Millet
62.32,33.71,28.9,28.12,40.89,6.7,77.2,Millet
65.73,32.24,35.0,30.97,43.02,6.78,78.4,Millet
61.13,32.46,33.11,29.91,37.87,6.51,71.49,Millet
62.8,26.07,22.18,21.83,45.04,6.36,95.34,Chickpea
63.83,22.31,23.86,21.06,51.99,6.48,90.82,Chickpea
55.04,24.46,26.21,19.45,46.95,6.24,82.32,Chickpea
59.64,25.04,27.49,20.3,49.42,6.2,92.01,Chickpea
62.72,26.37,25.95,19.74,47.0,6.28,82.58,Chickpea
57.57,25.13,25.75,20.6,47.37,6.31,93.48,Chickpea
58.62,27.7,23.68,20.96,54.63,6.37,90.75,Chickpea
63.43,25.72,26.91,20.7,53.91,6.56,92.13,Chickpea
55.37,26.62,22.75,22.9,45.81,6.52,84.84,Chickpea
59.2,24.93,26.99,22.22,54.83,6.45,82.5,Chickpea
60.34,25.74,27.77,21.59,50.61,6.32,82.09,Chickpea
62.91,26.33,26.4,21.1,52.7,6.51,86.25,Chickpea
64.06,27.85,23.7,21.01,45.47,6.54,88.62,Chickpea
63.96,23.06,27.89,20.81,46.39,6.51,81.48,Chickpea
55.68,24.5,27.11,22.46,52.4,6.28,85.31,Chickpea
57.61,27.3,22.27,20.69,54.81,6.31,90.53,Chickpea
61.43,24.48,26.61,20.9,50.72,6.44,86.38,Chickpea
63.77,27.29,24.52,22.77,47.69,6.42,81.44,Chickpea
59.32,24.93,27.71,22.81,52.86,6.51,83.08,Chickpea
64.46,24.72,24.33,22.53,49.51,6.47,84.13,Chickpea
61.53,25.07,25.3,20.66,53.8,6.56,90.73,Chickpea
56.81,23.71,26.11,22.37,53.52,6.36,97.78,Chickpea
63.42,27.22,22.92,21.99,45.2,6.39,86.0,Chickpea
56.99,26.12,26.23,21.17,47.79,6.44,94.96,Chickpea
57.52,25.11,24.57,22.12,48.48,6.5,86.97,Chickpea
57.66,27.34,24.84,19.47,45.3,6.59,83.58,Chickpea
57.82,24.32,27.94,19.58,52.71,6.39,98.75,Chickpea
60.48,26.15,23.69,22.57,53.19,6.49,88.87,Chickpea
63.93,24.41,27.55,21.71,53.18,6.2,94.32,Chickpea
60.49,24.69,22.17,20.82,49.51,6.26,90.68,Chickpea
58.68,24.72,25.93,22.57,48.4,6.46,98.99,Chickpea
57.62,27.01,23.06,19.99,49.39,6.49,89.94,Chickpea
55.59,23.93,23.55,20.12,51.65,6.57,91.36,Chickpea
64.47,26.41,27.03,21.54,45.77,6.47,93.93,Chickpea
59.5,23.15,26.37,21.29,54.08,6.31,89.76,Chickpea
57.35,24.47,23.75,20.86,47.09,6.31,97.23,Chickpea
61.15,24.64,24.12,21.75,51.68,6.31,92.81,Chickpea
59.31,22.15,27.78,19.36,52.81,6.36,99.93,Chickpea
64.8,27.49,22.52,21.86,48.28,6.47,95.07,Chickpea
62.47,24.53,22.83,19.87,45.44,6.31,95.3,Chickpea
64.51,24.66,25.26,19.9,47.71,6.46,90.15,Chickpea
60.37,22.31,23.38,20.68,54.19,6.58,80.82,Chickpea
64.91,24.84,27.14,21.6,54.03,6.48,99.84,Chickpea
56.69,25.12,23.52,20.62,53.59,6.52,95.79,Chickpea
55.32,27.43,23.3,19.32,47.6,6.37,85.77,Chickpea
59.32,26.9,27.31,19.29,47.23,6.31,86.82,Chickpea
59.47,27.17,25.48,19.82,50.4,6.4,90.67,Chickpea
57.05,24.37,26.45,21.05,49.0,6.2,81.96,Chickpea
57.37,23.86,23.78,21.35,50.8,6.41,96.42,Chickpea
55.43,23.3,25.79,21.36,50.34,6.25,87.36,Chickpea
63.38,27.58,27.85,19.36,49.31,6.58,90.18,Chickpea
61.4,24.14,27.91,20.13,49.05,6.39,93.32,Chickpea
59.82,27.58,26.79,21.64,45.78,6.4,93.97,Chickpea
56.62,25.54,27.81,21.14,45.27,6.47,92.52,Chickpea
60.59,24.85,27.48,20.27,46.79,6.41,84.5,Chickpea
61.12,22.09,26.71,19.77,49.28,6.36,99.68,Chickpea
55.29,24.32,24.56,19.73,53.39,6.43,85.61,Chickpea
63.45,25.96,22.09,19.27,51.71,6.21,92.47,Chickpea
64.4,23.98,25.55,22.05,53.85,6.34,81.31,Chickpea
60.29,27.29,22.03,19.34,49.11,6.26,85.9,Chickpea
55.49,25.98,25.51,22.92,46.17,6.36,86.22,Chickpea
64.06,22.81,22.98,22.44,53.49,6.46,84.24,Chickpea
63.22,24.08,26.81,19.51,51.59,6.58,96.59,Chickpea
60.18,22.32,22.35,19.65,45.35,6.42,84.8,Chickpea
56.35,24.84,22.64,20.53,47.74,6.25,91.48,Chickpea
64.77,24.41,24.54,22.14,48.23,6.54,90.45,Chickpea
55.04,27.27,24.18,22.02,47.61,6.21,94.62,Chickpea
57.09,23.15,27.07,22.85,51.85,6.39,86.52,Chickpea
61.67,26.47,22.94,21.98,47.73,6.52,81.92,Chickpea
59.03,26.1,22.56,19.76,47.65,6.47,92.79,Chickpea
58.72,27.58,26.25,20.5,48.63,6.59,88.81,Chickpea
58.13,25.26,26.72,19.09,45.55,6.38,80.29,Chickpea
60.53,25.07,24.99,21.09,52.05,6.54,80.1,Chickpea
61.77,26.05,24.91,20.2,50.39,6.46,80.99,Chickpea
60.64,25.14,22.95,20.59,53.17,6.23,94.71,Chickpea
64.11,26.75,23.37,21.75,53.2,6.42,99.37,Chickpea
59.42,25.09,23.88,22.35,49.25,6.57,90.1,Chickpea
63.94,27.59,23.55,21.26,48.4,6.28,85.94,Chickpea
57.86,26.0,22.69,21.53,45.93,6.59,95.97,Chickpea
56.86,27.76,24.07,19.01,48.56,6.35,82.68,Chickpea
64.7,22.83,22.67,22.65,52.38,6.31,92.12,Chickpea
62.06,26.71,22.97,20.3,49.6,6.37,94.85,Chickpea
57.08,23.41,25.17,22.06,46.37,6.51,91.91,Chickpea
57.68,25.25,23.98,21.81,54.73,6.26,85.39,Chickpea
58.04,25.61,24.66,20.54,48.26,6.59,92.05,Chickpea
58.39,22.88,27.92,20.33,48.91,6.57,87.71,Chickpea
59.27,26.47,25.88,19.68,48.92,6.26,91.64,Chickpea
59.75,25.46,27.42,22.52,47.72,6.48,90.48,Chickpea
61.14,23.19,26.98,19.72,49.15,6.49,80.46,Chickpea
60.05,22.91,22.06,20.25,47.13,6.21,99.94,Chickpea
59.11,24.24,27.84,20.44,53.4,6.44,80.45,Chickpea
57.38,22.24,24.15,19.05,45.52,6.37,95.12,Chickpea
58.32,26.85,23.48,20.76,46.35,6.22,88.59,Chickpea
59.91,22.22,25.0,21.09,50.12,6.45,86.49,Chickpea
58.55,27.96,23.64,21.48,47.57,6.44,93.89,Chickpea
58.05,25.0,27.12,21.43,47.96,6.21,89.11,Chickpea
55.03,25.14,25.37,22.8,48.93,6.22,94.37,Chickpea
58.97,24.89,26.57,22.28,53.3,6.47,89.42,Chickpea
56.51,25.66,24.52,20.91,49.95,6.31,95.88,Chickpea
61.56,24.18,25.08,21.52,48.72,6.28,93.56,Chickpea
77.2,49.22,52.9,27.36,62.12,6.36,120.06,Sunflower
75.1,46.19,49.54,27.39,62.2,6.15,139.61,Sunflower
81.84,46.64,48.66,27.85,55.3,6.32,121.68,Sunflower
78.05,45.77,54.1,28.07,62.52,6.27,123.0,Sunflower
78.67,43.89,54.8,27.12,60.76,6.15,121.43,Sunflower
75.8,45.3,51.72,27.12,56.47,6.34,130.09,Sunflower
77.45,48.95,53.37,30.65,56.18,6.12,136.66,Sunflower
75.43,43.54,52.23,30.2,63.53,6.43,137.78,Sunflower
79.97,40.19,52.84,29.69,58.27,6.25,137.74,Sunflower
75.35,43.1,47.17,30.68,57.32,6.42,135.83,Sunflower
82.67,45.16,49.21,28.52,59.49,6.42,136.38,Sunflower
76.69,46.64,49.45,27.34,64.59,6.21,125.5,Sunflower
77.58,47.89,48.88,27.18,56.71,6.4,134.83,Sunflower
75.86,40.29,45.1,27.54,62.08,6.2,130.05,Sunflower
78.32,49.96,49.34,29.73,62.15,6.42,134.01,Sunflower
83.12,47.89,50.76,28.03,62.96,6.27,139.63,Sunflower
82.22,48.6,46.36,29.15,62.51,6.34,130.71,Sunflower
83.41,42.83,53.62,28.64,57.23,6.21,121.28,Sunflower
82.29,43.08,51.98,28.87,56.92,6.38,137.43,Sunflower
76.53,45.33,53.63,27.65,63.19,6.12,133.8,Sunflower
83.56,40.87,53.33,27.07,60.51,6.14,135.04,Sunflower
76.45,49.53,46.79,30.82,57.7,6.45,132.07,Sunflower
78.75,48.77,50.82,29.04,57.88,6.18,135.36,Sunflower
76.56,40.38,46.48,28.32,58.66,6.16,129.59,Sunflower
79.13,42.45,46.16,29.29,55.15,6.26,125.03,Sunflower
84.21,42.24,52.96,30.13,58.97,6.2,128.6,Sunflower
75.74,49.37,50.93,28.19,58.4,6.31,138.25,Sunflower
84.2,41.2,46.24,30.3,59.38,6.39,139.08,Sunflower
77.03,46.46,45.56,27.97,58.04,6.21,130.78,Sunflower
81.76,44.85,51.76,30.97,59.43,6.25,127.92,Sunflower
81.41,46.29,45.28,27.72,59.33,6.11,138.9,Sunflower
81.56,44.66,46.55,27.05,62.44,6.46,137.77,Sunflower
82.35,40.84,51.61,27.02,60.61,6.15,136.14,Sunflower
77.54,46.7,52.44,27.56,63.08,6.3,136.09,Sunflower
76.99,43.84,50.81,27.26,62.12,6.4,137.05,Sunflower
78.64,45.56,50.46,28.52,63.75,6.28,134.83,Sunflower
82.37,44.18,48.23,30.66,62.04,6.23,132.13,Sunflower
79.92,40.9,49.99,29.74,63.89,6.21,121.78,Sunflower
80.09,46.43,52.15,28.5,63.05,6.49,123.83,Sunflower
76.86,43.96,49.59,30.58,58.65,6.14,131.34,Sunflower
81.95,47.18,50.74,30.47,59.16,6.31,120.26,Sunflower
77.89,46.37,50.27,27.98,62.98,6.31,121.38,Sunflower
79.67,43.41,45.57,30.71,60.6,6.1,130.82,Sunflower
75.08,46.0,52.64,30.86,58.47,6.39,130.29,Sunflower
82.5,49.61,53.69,28.66,60.37,6.45,124.52,Sunflower
80.67,45.99,47.57,27.23,64.83,6.49,133.59,Sunflower
82.6,40.9,47.44,28.53,60.38,6.2,125.16,Sunflower
84.51,49.13,52.92,28.55,62.45,6.36,123.82,Sunflower
82.82,42.7,50.12,30.43,62.41,6.46,123.16,Sunflower
84.46,49.44,47.92,29.96,59.16,6.49,122.46,Sunflower
77.46,49.0,53.22,28.26,63.38,6.34,123.95,Sunflower
83.19,49.31,52.11,29.24,58.74,6.18,133.22,Sunflower
75.97,40.35,47.18,27.32,63.14,6.45,124.15,Sunflower
79.18,47.36,47.67,30.35,59.27,6.28,125.84,Sunflower
81.48,47.5,51.7,30.46,63.35,6.42,124.51,Sunflower
75.46,49.03,53.97,29.38,58.26,6.25,128.91,Sunflower
75.3,41.68,54.58,29.31,55.15,6.17,126.94,Sunflower
82.68,43.26,54.7,28.38,63.95,6.26,124.59,Sunflower
76.23,46.59,48.56,30.11,57.91,6.12,125.25,Sunflower
78.36,44.18,53.87,29.62,59.67,6.39,126.31,Sunflower
77.47,49.99,54.56,27.85,57.0,6.24,128.14,Sunflower
78.38,42.15,47.42,30.65,59.96,6.34,135.01,Sunflower
79.88,47.51,52.73,29.5,55.41,6.17,124.65,Sunflower
77.88,41.64,54.26,27.9,62.84,6.17,121.14,Sunflower
80.78,45.72,54.77,29.49,57.34,6.43,129.61,Sunflower
84.39,48.46,49.66,28.9,64.96,6.19,135.65,Sunflower
81.96,48.01,54.54,30.77,56.86,6.45,122.43,Sunflower
80.35,42.53,48.77,30.12,64.11,6.44,130.06,Sunflower
82.07,43.09,52.85,27.25,57.09,6.25,130.97,Sunflower
84.26,40.07,50.71,29.08,57.46,6.41,128.3,Sunflower
81.38,42.91,50.49,29.81,57.52,6.13,123.52,Sunflower
79.95,48.22,50.84,29.49,59.8,6.38,131.29,Sunflower
78.3,42.96,48.47,28.74,59.73,6.21,139.77,Sunflower
79.77,45.11,50.12,28.45,56.56,6.47,126.88,Sunflower
82.76,40.42,50.04,30.74,63.68,6.2,125.83,Sunflower
84.46,49.52,51.9,30.04,63.56,6.32,133.99,Sunflower
82.8,41.77,51.38,27.05,59.97,6.35,131.92,Sunflower
83.77,47.7,46.19,29.98,62.19,6.32,127.68,Sunflower
79.32,41.54,50.94,30.1,58.72,6.45,132.17,Sunflower
78.29,47.8,51.32,28.44,64.16,6.29,128.56,Sunflower
75.06,46.51,51.81,30.86,56.59,6.42,132.45,Sunflower
80.97,41.13,49.53,27.67,62.55,6.17,126.62,Sunflower
82.97,46.53,52.43,30.3,63.4,6.36,131.44,Sunflower
77.96,46.25,45.39,27.55,64.72,6.19,135.96,Sunflower
79.09,43.39,51.89,27.58,58.64,6.15,131.57,Sunflower
84.15,42.58,50.3,30.53,64.4,6.3,138.52,Sunflower
76.34,49.32,52.16,28.04,64.49,6.24,129.77,Sunflower
82.67,43.47,50.59,28.76,62.08,6.34,138.79,Sunflower
77.7,47.47,45.3,29.41,61.38,6.2,127.72,Sunflower
76.23,48.59,45.71,27.04,55.28,6.18,121.29,Sunflower
83.07,49.82,52.37,29.58,62.39,6.49,124.6,Sunflower
79.62,48.15,54.88,30.09,55.75,6.44,128.07,Sunflower
76.92,43.89,51.89,30.32,60.62,6.4,120.08,Sunflower
76.94,44.52,46.51,27.27,57.56,6.36,127.95,Sunflower
78.69,41.95,45.26,28.26,60.18,6.34,137.33,Sunflower
82.35,43.51,52.68,27.81,60.03,6.36,122.68,Sunflower
75.7,48.95,52.29,30.4,57.68,6.11,124.93,Sunflower
77.42,43.94,47.37,27.47,56.37,6.19,128.68,Sunflower
82.03,41.39,54.14,28.71,57.83,6.25,136.75,Sunflower
82.44,47.9,46.13,30.14,57.11,6.35,126.31,Sunflower
106.31,48.82,55.33,16.71,82.04,5.97,165.89,Potato
115.51,45.68,50.35,16.32,76.72,5.93,185.81,Potato
117.75,48.02,57.06,16.5,76.63,5.84,166.14,Potato
106.09,51.41,52.61,15.54,75.13,5.98,160.3,Potato
111.21,46.9,56.42,14.19,79.94,5.88,181.17,Potato
102.65,50.96,50.96,16.74,78.67,5.72,185.26,Potato
119.28,53.34,54.43,13.99,81.72,5.68,172.09,Potato
101.44,46.54,51.44,13.06,80.25,5.84,191.21,Potato
119.48,54.11,51.76,13.98,84.68,5.6,190.41,Potato
102.22,50.05,55.17,15.64,82.87,5.72,198.63,Potato
119.68,51.66,52.75,15.41,81.49,5.82,170.15,Potato
102.76,51.48,51.31,16.61,80.51,5.83,165.57,Potato
105.59,51.06,55.6,15.02,75.77,5.64,166.01,Potato
117.68,45.29,56.82,16.92,76.26,5.88,186.47,Potato
106.34,53.69,55.97,14.06,78.48,5.73,187.25,Potato
116.56,54.29,55.14,14.76,84.65,5.78,162.42,Potato
107.15,54.1,53.88,14.95,82.33,5.62,160.92,Potato
108.52,52.22,57.36,13.87,78.69,5.79,194.72,Potato
105.98,46.99,50.33,16.52,80.52,5.8,195.63,Potato
117.71,46.16,59.42,15.67,78.68,5.97,192.92,Potato
101.46,46.55,59.11,13.26,84.61,5.94,165.24,Potato
109.03,47.36,51.99,15.47,82.44,5.74,188.26,Potato
112.56,51.41,58.41,15.0,84.43,5.94,161.34,Potato
101.31,52.47,58.55,15.29,79.95,5.75,198.0,Potato
100.32,54.99,51.73,13.2,84.17,5.94,185.75,Potato
113.09,49.99,53.2,16.61,81.44,5.78,170.91,Potato
106.06,45.42,59.8,15.3,79.05,5.82,166.15,Potato
100.48,49.62,52.3,14.56,82.73,5.93,173.32,Potato
117.97,52.88,57.38,15.11,81.9,5.68,170.3,Potato
109.0,47.62,56.71,15.89,83.38,5.93,185.22,Potato
102.44,45.85,55.78,16.99,84.97,5.64,176.36,Potato
101.95,49.82,58.96,16.47,76.19,5.68,186.48,Potato
115.53,49.12,57.55,13.76,84.0,5.78,162.67,Potato
100.25,48.7,54.1,16.33,83.33,5.62,173.53,Potato
111.95,47.8,58.92,14.99,76.14,5.86,165.72,Potato
111.02,47.28,53.48,16.21,77.51,5.73,185.19,Potato
101.52,48.61,52.78,13.53,81.43,5.92,193.99,Potato
119.9,53.68,55.88,13.15,80.83,5.84,186.04,Potato
104.06,52.94,52.99,15.14,75.74,5.73,190.05,Potato
109.04,49.07,54.94,14.78,80.92,5.86,175.83,Potato
118.5,53.88,52.63,16.1,80.39,5.85,171.3,Potato
119.87,47.5,57.57,13.85,83.19,5.92,198.91,Potato
109.07,48.77,50.56,16.04,84.24,5.68,193.06,Potato
111.56,47.59,50.93,13.53,76.69,5.84,192.62,Potato
104.75,53.0,58.28,13.42,81.12,5.79,166.04,Potato
109.6,45.74,56.69,14.7,81.07,5.88,184.77,Potato
104.45,53.65,56.28,16.18,77.97,5.84,197.68,Potato
103.04,48.96,55.48,15.07,83.92,5.75,197.88,Potato
104.53,52.26,58.63,15.49,79.43,5.77,193.95,Potato
111.55,54.95,52.62,14.01,79.36,5.97,191.75,Potato
113.23,46.4,51.12,14.41,80.56,5.98,172.21,Potato
112.94,53.41,50.67,16.6,80.91,5.69,197.33,Potato
112.17,45.66,51.86,13.29,78.26,5.64,192.71,Potato
108.53,48.97,50.39,15.05,81.98,5.96,198.78,Potato
113.51,51.04,55.76,16.67,78.85,5.83,162.79,Potato
104.94,51.11,59.97,14.91,83.41,5.72,189.78,Potato
118.08,49.68,59.83,14.89,82.03,5.79,169.89,Potato
112.05,46.73,53.62,13.41,79.3,5.7,166.8,Potato
111.31,46.44,56.88,14.23,78.95,5.8,179.95,Potato
107.9,51.66,54.32,13.54,77.46,5.73,166.66,Potato
113.34,51.29,55.35,15.11,82.91,5.98,176.05,Potato
117.55,46.84,54.17,13.36,79.37,5.73,163.9,Potato
112.9,49.47,56.88,15.0,78.35,5.89,185.51,Potato
117.91,54.93,52.95,13.56,83.98,5.83,177.71,Potato
103.46,46.02,50.93,15.94,81.31,5.65,198.69,Potato
104.42,50.23,54.0,16.44,77.39,5.82,199.79,Potato
115.61,47.55,54.8,14.56,81.66,5.75,194.54,Potato
106.57,50.41,51.17,13.38,84.48,5.78,164.42,Potato
119.0,47.45,51.77,15.81,84.43,5.91,175.5,Potato
106.1,54.45,50.48,16.54,80.85,5.97,190.86,Potato
104.41,46.92,52.08,14.37,82.13,5.92,182.14,Potato
110.2,48.62,58.92,13.92,75.98,5.71,176.41,Potato
112.05,48.71,53.49,15.25,79.24,5.74,171.65,Potato
119.93,46.48,59.37,14.61,82.78,5.87,167.15,Potato
103.35,45.05,51.96,15.27,76.34,5.84,160.07,Potato
118.3,54.03,55.04,13.55,81.81,5.76,197.04,Potato
108.25,46.44,51.93,15.86,76.7,5.84,160.86,Potato
114.08,46.56,55.27,15.02,75.28,5.69,185.03,Potato
104.72,54.41,50.92,13.78,80.96,5.89,171.45,Potato
106.39,50.41,59.45,14.72,77.53,5.88,192.33,Potato
115.08,49.59,59.72,14.48,78.69,5.68,191.73,Potato
113.87,51.71,56.46,14.42,78.24,5.7,181.46,Potato
109.16,49.9,51.4,14.21,83.31,5.84,192.42,Potato
108.93,51.16,52.77,15.2,76.88,5.63,165.83,Potato
112.27,49.28,54.55,13.73,77.76,5.97,171.67,Potato
100.42,48.77,57.29,13.63,75.31,5.75,188.58,Potato
115.83,45.24,58.01,15.12,82.91,5.99,166.84,Potato
107.84,49.46,50.47,15.28,77.72,5.84,163.29,Potato
119.13,53.65,53.45,16.21,80.24,5.84,195.51,Potato
104.87,49.46,52.45,13.5,81.45,5.62,185.66,Potato
111.48,54.34,50.95,16.7,79.24,5.87,170.83,Potato
105.22,47.28,53.33,15.52,76.55,5.69,181.41,Potato
108.89,49.54,58.74,13.88,82.77,5.75,176.92,Potato
114.0,52.13,59.34,16.14,78.06,5.83,197.82,Potato
103.67,50.29,50.88,13.83,83.43,5.98,168.33,Potato
117.04,46.81,55.49,14.49,80.93,5.67,166.69,Potato
119.29,54.58,53.55,14.47,82.4,5.83,194.22,Potato
115.24,46.45,57.67,16.56,75.66,5.68,194.42,Potato
118.07,52.14,50.37,16.48,80.1,6.0,168.7,Potato
100.73,51.23,59.71,15.85,81.6,5.63,190.34,Potato
